t,phase,sat,elapsed_sec,conflicts,decisions,propagations,restarts,n_vars,n_clauses,var_counts_delta,clause_counts_delta
155,ub-probe,True,248.9170432999963,610459,6151509,417628425,36589,100961,2706099,"{""a"": 16120, ""sw"": 2480, ""mp"": 22320, ""oc"": 2480, ""e"": 5580, ""c"": 16120, ""d"": 16120, ""u"": 2480, ""_amn_r"": 14780, ""st"": 2480, ""asm"": 1}","{""gates"": 2253490, ""swap"": 189804, ""mapping"": 282875, ""connectivity"": 1346950, ""assumptions"": 104}"
154,ub-linear,True,19.760581000002276,54746,404325,30685226,2565,100962,2695788,"{""a"": 0, ""sw"": 0, ""mp"": 0, ""oc"": 0, ""e"": 0, ""c"": 0, ""d"": 0, ""u"": 0, ""_amn_r"": 0, ""st"": 0, ""asm"": 1}","{""gates"": 0, ""swap"": 0, ""mapping"": 0, ""connectivity"": 0, ""assumptions"": 104}"
153,ub-linear,True,13.692588700003398,46744,398289,25623676,2640,100963,2718977,"{""a"": 0, ""sw"": 0, ""mp"": 0, ""oc"": 0, ""e"": 0, ""c"": 0, ""d"": 0, ""u"": 0, ""_amn_r"": 0, ""st"": 0, ""asm"": 1}","{""gates"": 0, ""swap"": 0, ""mapping"": 0, ""connectivity"": 0, ""assumptions"": 104}"
152,ub-linear,True,0.22606439999799477,0,6012,48583,0,100964,2719282,"{""a"": 0, ""sw"": 0, ""mp"": 0, ""oc"": 0, ""e"": 0, ""c"": 0, ""d"": 0, ""u"": 0, ""_amn_r"": 0, ""st"": 0, ""asm"": 1}","{""gates"": 0, ""swap"": 0, ""mapping"": 0, ""connectivity"": 0, ""assumptions"": 104}"
151,ub-linear,True,0.21903639999800362,1,6022,48680,0,100965,2719609,"{""a"": 0, ""sw"": 0, ""mp"": 0, ""oc"": 0, ""e"": 0, ""c"": 0, ""d"": 0, ""u"": 0, ""_amn_r"": 0, ""st"": 0, ""asm"": 1}","{""gates"": 0, ""swap"": 0, ""mapping"": 0, ""connectivity"": 0, ""assumptions"": 104}"
150,ub-linear,True,0.26783309999882476,0,6061,48749,0,100966,2719891,"{""a"": 0, ""sw"": 0, ""mp"": 0, ""oc"": 0, ""e"": 0, ""c"": 0, ""d"": 0, ""u"": 0, ""_amn_r"": 0, ""st"": 0, ""asm"": 1}","{""gates"": 0, ""swap"": 0, ""mapping"": 0, ""connectivity"": 0, ""assumptions"": 104}"
149,ub-linear,True,0.26624140000058105,0,6078,48836,0,100967,2720213,"{""a"": 0, ""sw"": 0, ""mp"": 0, ""oc"": 0, ""e"": 0, ""c"": 0, ""d"": 0, ""u"": 0, ""_amn_r"": 0, ""st"": 0, ""asm"": 1}","{""gates"": 0, ""swap"": 0, ""mapping"": 0, ""connectivity"": 0, ""assumptions"": 104}"
148,ub-linear,True,0.20172900000034133,0,6102,48917,0,100968,2720500,"{""a"": 0, ""sw"": 0, ""mp"": 0, ""oc"": 0, ""e"": 0, ""c"": 0, ""d"": 0, ""u"": 0, ""_amn_r"": 0, ""st"": 0, ""asm"": 1}","{""gates"": 0, ""swap"": 0, ""mapping"": 0, ""connectivity"": 0, ""assumptions"": 104}"
147,ub-linear,True,0.22789999999804422,0,6120,49003,0,100969,2720843,"{""a"": 0, ""sw"": 0, ""mp"": 0, ""oc"": 0, ""e"": 0, ""c"": 0, ""d"": 0, ""u"": 0, ""_amn_r"": 0, ""st"": 0, ""asm"": 1}","{""gates"": 0, ""swap"": 0, ""mapping"": 0, ""connectivity"": 0, ""assumptions"": 104}"
146,ub-linear,True,0.2039881000018795,0,6145,49078,0,100970,2721118,"{""a"": 0, ""sw"": 0, ""mp"": 0, ""oc"": 0, ""e"": 0, ""c"": 0, ""d"": 0, ""u"": 0, ""_amn_r"": 0, ""st"": 0, ""asm"": 1}","{""gates"": 0, ""swap"": 0, ""mapping"": 0, ""connectivity"": 0, ""assumptions"": 104}"
145,ub-linear,True,0.2558902000018861,0,6159,49167,0,100971,2721449,"{""a"": 0, ""sw"": 0, ""mp"": 0, ""oc"": 0, ""e"": 0, ""c"": 0, ""d"": 0, ""u"": 0, ""_amn_r"": 0, ""st"": 0, ""asm"": 1}","{""gates"": 0, ""swap"": 0, ""mapping"": 0, ""connectivity"": 0, ""assumptions"": 104}"
144,ub-linear,True,8.628507200002787,38109,290103,16315608,1640,100972,2714705,"{""a"": 0, ""sw"": 0, ""mp"": 0, ""oc"": 0, ""e"": 0, ""c"": 0, ""d"": 0, ""u"": 0, ""_amn_r"": 0, ""st"": 0, ""asm"": 1}","{""gates"": 0, ""swap"": 0, ""mapping"": 0, ""connectivity"": 0, ""assumptions"": 104}"
143,ub-linear,True,45.6257145999989,127096,1069659,76523566,8428,100973,2747471,"{""a"": 0, ""sw"": 0, ""mp"": 0, ""oc"": 0, ""e"": 0, ""c"": 0, ""d"": 0, ""u"": 0, ""_amn_r"": 0, ""st"": 0, ""asm"": 1}","{""gates"": 0, ""swap"": 0, ""mapping"": 0, ""connectivity"": 0, ""assumptions"": 104}"
142,ub-linear,True,0.35847780000040075,12,14576,147487,4,100974,2747776,"{""a"": 0, ""sw"": 0, ""mp"": 0, ""oc"": 0, ""e"": 0, ""c"": 0, ""d"": 0, ""u"": 0, ""_amn_r"": 0, ""st"": 0, ""asm"": 1}","{""gates"": 0, ""swap"": 0, ""mapping"": 0, ""connectivity"": 0, ""assumptions"": 104}"
141,ub-linear,True,18.309748700005002,37473,287785,27585513,2441,100975,2740980,"{""a"": 0, ""sw"": 0, ""mp"": 0, ""oc"": 0, ""e"": 0, ""c"": 0, ""d"": 0, ""u"": 0, ""_amn_r"": 0, ""st"": 0, ""asm"": 1}","{""gates"": 0, ""swap"": 0, ""mapping"": 0, ""connectivity"": 0, ""assumptions"": 104}"
140,ub-linear,True,0.3081492999990587,2,7074,49574,0,100976,2741273,"{""a"": 0, ""sw"": 0, ""mp"": 0, ""oc"": 0, ""e"": 0, ""c"": 0, ""d"": 0, ""u"": 0, ""_amn_r"": 0, ""st"": 0, ""asm"": 1}","{""gates"": 0, ""swap"": 0, ""mapping"": 0, ""connectivity"": 0, ""assumptions"": 104}"
139,ub-linear,True,9.844442900001013,38717,276934,18357103,2057,100977,2769768,"{""a"": 0, ""sw"": 0, ""mp"": 0, ""oc"": 0, ""e"": 0, ""c"": 0, ""d"": 0, ""u"": 0, ""_amn_r"": 0, ""st"": 0, ""asm"": 1}","{""gates"": 0, ""swap"": 0, ""mapping"": 0, ""connectivity"": 0, ""assumptions"": 104}"
138,ub-linear,True,3.7695777000044473,13952,78401,5407239,566,100978,2743776,"{""a"": 0, ""sw"": 0, ""mp"": 0, ""oc"": 0, ""e"": 0, ""c"": 0, ""d"": 0, ""u"": 0, ""_amn_r"": 0, ""st"": 0, ""asm"": 1}","{""gates"": 0, ""swap"": 0, ""mapping"": 0, ""connectivity"": 0, ""assumptions"": 104}"
137,ub-linear,True,2.678382400001283,9268,76093,4651183,615,100979,2752478,"{""a"": 0, ""sw"": 0, ""mp"": 0, ""oc"": 0, ""e"": 0, ""c"": 0, ""d"": 0, ""u"": 0, ""_amn_r"": 0, ""st"": 0, ""asm"": 1}","{""gates"": 0, ""swap"": 0, ""mapping"": 0, ""connectivity"": 0, ""assumptions"": 104}"
136,ub-linear,True,0.3084460999962175,6,6808,50186,0,100980,2752772,"{""a"": 0, ""sw"": 0, ""mp"": 0, ""oc"": 0, ""e"": 0, ""c"": 0, ""d"": 0, ""u"": 0, ""_amn_r"": 0, ""st"": 0, ""asm"": 1}","{""gates"": 0, ""swap"": 0, ""mapping"": 0, ""connectivity"": 0, ""assumptions"": 104}"
135,ub-linear,True,2.55951769999956,8856,68158,4287802,538,100981,2761048,"{""a"": 0, ""sw"": 0, ""mp"": 0, ""oc"": 0, ""e"": 0, ""c"": 0, ""d"": 0, ""u"": 0, ""_amn_r"": 0, ""st"": 0, ""asm"": 1}","{""gates"": 0, ""swap"": 0, ""mapping"": 0, ""connectivity"": 0, ""assumptions"": 104}"
134,ub-linear,True,0.279886099997384,2,6791,50087,0,100982,2761347,"{""a"": 0, ""sw"": 0, ""mp"": 0, ""oc"": 0, ""e"": 0, ""c"": 0, ""d"": 0, ""u"": 0, ""_amn_r"": 0, ""st"": 0, ""asm"": 1}","{""gates"": 0, ""swap"": 0, ""mapping"": 0, ""connectivity"": 0, ""assumptions"": 104}"
133,ub-linear,True,2.377260199995362,8134,51256,3206126,440,100983,2743357,"{""a"": 0, ""sw"": 0, ""mp"": 0, ""oc"": 0, ""e"": 0, ""c"": 0, ""d"": 0, ""u"": 0, ""_amn_r"": 0, ""st"": 0, ""asm"": 1}","{""gates"": 0, ""swap"": 0, ""mapping"": 0, ""connectivity"": 0, ""assumptions"": 104}"
132,ub-linear,True,1.431163799999922,4996,41299,2176191,263,100984,2748179,"{""a"": 0, ""sw"": 0, ""mp"": 0, ""oc"": 0, ""e"": 0, ""c"": 0, ""d"": 0, ""u"": 0, ""_amn_r"": 0, ""st"": 0, ""asm"": 1}","{""gates"": 0, ""swap"": 0, ""mapping"": 0, ""connectivity"": 0, ""assumptions"": 104}"
131,ub-linear,True,2.493932400000631,8387,61742,3696066,509,100985,2756003,"{""a"": 0, ""sw"": 0, ""mp"": 0, ""oc"": 0, ""e"": 0, ""c"": 0, ""d"": 0, ""u"": 0, ""_amn_r"": 0, ""st"": 0, ""asm"": 1}","{""gates"": 0, ""swap"": 0, ""mapping"": 0, ""connectivity"": 0, ""assumptions"": 104}"
130,ub-linear,True,0.21932019999803742,3,7092,50411,0,100986,2756300,"{""a"": 0, ""sw"": 0, ""mp"": 0, ""oc"": 0, ""e"": 0, ""c"": 0, ""d"": 0, ""u"": 0, ""_amn_r"": 0, ""st"": 0, ""asm"": 1}","{""gates"": 0, ""swap"": 0, ""mapping"": 0, ""connectivity"": 0, ""assumptions"": 104}"
129,ub-linear,True,0.18914719999884255,2,7060,50491,0,100987,2756624,"{""a"": 0, ""sw"": 0, ""mp"": 0, ""oc"": 0, ""e"": 0, ""c"": 0, ""d"": 0, ""u"": 0, ""_amn_r"": 0, ""st"": 0, ""asm"": 1}","{""gates"": 0, ""swap"": 0, ""mapping"": 0, ""connectivity"": 0, ""assumptions"": 104}"
128,ub-linear,True,0.21830109999427805,1,7042,50567,0,100988,2756906,"{""a"": 0, ""sw"": 0, ""mp"": 0, ""oc"": 0, ""e"": 0, ""c"": 0, ""d"": 0, ""u"": 0, ""_amn_r"": 0, ""st"": 0, ""asm"": 1}","{""gates"": 0, ""swap"": 0, ""mapping"": 0, ""connectivity"": 0, ""assumptions"": 104}"
127,ub-linear,True,0.21474920000036946,27,8806,56742,0,100989,2757249,"{""a"": 0, ""sw"": 0, ""mp"": 0, ""oc"": 0, ""e"": 0, ""c"": 0, ""d"": 0, ""u"": 0, ""_amn_r"": 0, ""st"": 0, ""asm"": 1}","{""gates"": 0, ""swap"": 0, ""mapping"": 0, ""connectivity"": 0, ""assumptions"": 104}"
126,ub-linear,True,0.21149549999972805,4,6856,50945,0,100990,2757540,"{""a"": 0, ""sw"": 0, ""mp"": 0, ""oc"": 0, ""e"": 0, ""c"": 0, ""d"": 0, ""u"": 0, ""_amn_r"": 0, ""st"": 0, ""asm"": 1}","{""gates"": 0, ""swap"": 0, ""mapping"": 0, ""connectivity"": 0, ""assumptions"": 104}"
125,ub-linear,True,2.2519619000013336,9517,54602,3561525,481,100991,2766264,"{""a"": 0, ""sw"": 0, ""mp"": 0, ""oc"": 0, ""e"": 0, ""c"": 0, ""d"": 0, ""u"": 0, ""_amn_r"": 0, ""st"": 0, ""asm"": 1}","{""gates"": 0, ""swap"": 0, ""mapping"": 0, ""connectivity"": 0, ""assumptions"": 104}"
124,ub-linear,True,16.377322299995285,51485,172020,22567590,1197,100992,2786053,"{""a"": 0, ""sw"": 0, ""mp"": 0, ""oc"": 0, ""e"": 0, ""c"": 0, ""d"": 0, ""u"": 0, ""_amn_r"": 0, ""st"": 0, ""asm"": 1}","{""gates"": 0, ""swap"": 0, ""mapping"": 0, ""connectivity"": 0, ""assumptions"": 104}"
123,ub-linear,True,2.6905913000009605,10229,48427,3562196,491,100993,2759123,"{""a"": 0, ""sw"": 0, ""mp"": 0, ""oc"": 0, ""e"": 0, ""c"": 0, ""d"": 0, ""u"": 0, ""_amn_r"": 0, ""st"": 0, ""asm"": 1}","{""gates"": 0, ""swap"": 0, ""mapping"": 0, ""connectivity"": 0, ""assumptions"": 104}"
122,ub-linear,True,2.4846330000000307,7827,47594,3347304,530,100994,2766233,"{""a"": 0, ""sw"": 0, ""mp"": 0, ""oc"": 0, ""e"": 0, ""c"": 0, ""d"": 0, ""u"": 0, ""_amn_r"": 0, ""st"": 0, ""asm"": 1}","{""gates"": 0, ""swap"": 0, ""mapping"": 0, ""connectivity"": 0, ""assumptions"": 104}"
121,ub-linear,True,2.9246988000013516,10534,45573,3700148,501,100995,2775904,"{""a"": 0, ""sw"": 0, ""mp"": 0, ""oc"": 0, ""e"": 0, ""c"": 0, ""d"": 0, ""u"": 0, ""_amn_r"": 0, ""st"": 0, ""asm"": 1}","{""gates"": 0, ""swap"": 0, ""mapping"": 0, ""connectivity"": 0, ""assumptions"": 104}"
120,ub-linear,True,2.1234398000015062,7255,39000,2592774,411,100996,2782551,"{""a"": 0, ""sw"": 0, ""mp"": 0, ""oc"": 0, ""e"": 0, ""c"": 0, ""d"": 0, ""u"": 0, ""_amn_r"": 0, ""st"": 0, ""asm"": 1}","{""gates"": 0, ""swap"": 0, ""mapping"": 0, ""connectivity"": 0, ""assumptions"": 104}"
119,ub-linear,True,0.285052999999607,5,3485,58312,1,100997,2782877,"{""a"": 0, ""sw"": 0, ""mp"": 0, ""oc"": 0, ""e"": 0, ""c"": 0, ""d"": 0, ""u"": 0, ""_amn_r"": 0, ""st"": 0, ""asm"": 1}","{""gates"": 0, ""swap"": 0, ""mapping"": 0, ""connectivity"": 0, ""assumptions"": 104}"
118,ub-linear,True,0.3051777000000584,12,3305,46617,0,100998,2783172,"{""a"": 0, ""sw"": 0, ""mp"": 0, ""oc"": 0, ""e"": 0, ""c"": 0, ""d"": 0, ""u"": 0, ""_amn_r"": 0, ""st"": 0, ""asm"": 1}","{""gates"": 0, ""swap"": 0, ""mapping"": 0, ""connectivity"": 0, ""assumptions"": 104}"
117,ub-linear,True,0.36483850000513485,8,3306,47218,0,100999,2783501,"{""a"": 0, ""sw"": 0, ""mp"": 0, ""oc"": 0, ""e"": 0, ""c"": 0, ""d"": 0, ""u"": 0, ""_amn_r"": 0, ""st"": 0, ""asm"": 1}","{""gates"": 0, ""swap"": 0, ""mapping"": 0, ""connectivity"": 0, ""assumptions"": 104}"
116,ub-linear,True,2.808107299999392,8272,34971,2792903,372,101000,2766011,"{""a"": 0, ""sw"": 0, ""mp"": 0, ""oc"": 0, ""e"": 0, ""c"": 0, ""d"": 0, ""u"": 0, ""_amn_r"": 0, ""st"": 0, ""asm"": 1}","{""gates"": 0, ""swap"": 0, ""mapping"": 0, ""connectivity"": 0, ""assumptions"": 104}"
115,ub-linear,True,0.8751698000050965,2096,16727,750978,89,101001,2768238,"{""a"": 0, ""sw"": 0, ""mp"": 0, ""oc"": 0, ""e"": 0, ""c"": 0, ""d"": 0, ""u"": 0, ""_amn_r"": 0, ""st"": 0, ""asm"": 1}","{""gates"": 0, ""swap"": 0, ""mapping"": 0, ""connectivity"": 0, ""assumptions"": 104}"
114,ub-linear,True,1.951881000000867,7179,35095,2363725,384,101002,2774758,"{""a"": 0, ""sw"": 0, ""mp"": 0, ""oc"": 0, ""e"": 0, ""c"": 0, ""d"": 0, ""u"": 0, ""_amn_r"": 0, ""st"": 0, ""asm"": 1}","{""gates"": 0, ""swap"": 0, ""mapping"": 0, ""connectivity"": 0, ""assumptions"": 104}"
113,ub-linear,True,0.308501300001808,3,3609,46834,0,101003,2775072,"{""a"": 0, ""sw"": 0, ""mp"": 0, ""oc"": 0, ""e"": 0, ""c"": 0, ""d"": 0, ""u"": 0, ""_amn_r"": 0, ""st"": 0, ""asm"": 1}","{""gates"": 0, ""swap"": 0, ""mapping"": 0, ""connectivity"": 0, ""assumptions"": 104}"
112,ub-linear,True,2.8038228999939747,13829,42949,3952314,469,101004,2787224,"{""a"": 0, ""sw"": 0, ""mp"": 0, ""oc"": 0, ""e"": 0, ""c"": 0, ""d"": 0, ""u"": 0, ""_amn_r"": 0, ""st"": 0, ""asm"": 1}","{""gates"": 0, ""swap"": 0, ""mapping"": 0, ""connectivity"": 0, ""assumptions"": 104}"
111,ub-linear,False,2.7366283999945153,10455,27092,3424732,387,101005,2796389,"{""a"": 0, ""sw"": 0, ""mp"": 0, ""oc"": 0, ""e"": 0, ""c"": 0, ""d"": 0, ""u"": 0, ""_amn_r"": 0, ""st"": 0, ""asm"": 1}","{""gates"": 0, ""swap"": 0, ""mapping"": 0, ""connectivity"": 0, ""assumptions"": 104}"
